fecha,year,month,prod_caldas_miles_sacos,prod_nacional_miles_sacos,precip_mm,ndvi_mean,ndvi_median,ndvi_p90,precio_interno_cop
2002-01-01,2002,1,84.60009132376835,824.0,118.0922,0.8037329677953067,0.8223249265173899,0.8886423321675244,276480.0
2002-02-01,2002,2,82.95737110388936,808.0,135.23131,0.7453812035258557,0.7792342259977687,0.8652313509006163,270960.0
2002-03-01,2002,3,79.87727069161623,778.0,234.06622,0.6841949406236476,0.7324437642264573,0.8457115340637436,296859.0
2002-04-01,2002,4,96.71515294537596,942.0,366.39807,0.748634473248004,0.7948995740956917,0.8651530306893298,307892.0
2002-05-01,2002,5,114.1690552815903,1112.0,275.82147,0.7660953449982686,0.8027538248079331,0.8691078164799076,284464.0
2002-06-01,2002,6,108.00885445704407,1052.0,168.28241,0.7920681747038298,0.814388936646977,0.869081348804632,277875.0
2002-07-01,2002,7,89.1175719284356,868.0,151.65404,0.7823735341720468,0.7988600892975906,0.8651760745508533,264823.0
2002-08-01,2002,8,77.10518032057043,751.0,110.342415,0.7452167105326071,0.7754330218758115,0.8534470804978734,260185.0
2002-09-01,2002,9,79.87727069161623,778.0,232.68382,0.759473629632759,0.7832220946969093,0.8612279528755192,302300.0
2002-10-01,2002,10,109.24089462195332,1064.0,313.14288,0.617553267796634,0.7305912671890915,0.8553646109344876,311722.0
2002-11-01,2002,11,141.6846189645635,1380.0,189.3686,0.7550071261140954,0.8007372960738045,0.8787253898439723,322517.0
2002-12-01,2002,12,129.05620727424372,1257.0,245.79852,0.749307284905064,0.7909961249630296,0.8769458307437599,285694.0
2003-01-01,2003,1,93.9109066671857,924.0,59.719055,0.7729386058794122,0.7988098047589929,0.8651737728881078,323837.5
2003-02-01,2003,2,80.08852213608478,788.0,155.0609,0.7633083412854623,0.7871445841773672,0.8768477746642258,320897.3214285714
2003-03-01,2003,3,65.45305616197791,644.0,203.19753,0.762888524720487,0.7792755446482363,0.8573062967792746,299592.7419354839
2003-04-01,2003,4,109.56272444504998,1078.0,320.24677,0.768384852618185,0.8065654747187296,0.8651607229507585,312583.3333333333
2003-05-01,2003,5,98.78939532522132,972.0,245.58368,0.768470271829425,0.814440568932898,0.8847170237679035,314217.7419354839
2003-06-01,2003,6,109.46108926467424,1077.0,278.64948,0.7481264938731174,0.7988426435908748,0.8729496258190341,290500.0
2003-07-01,2003,7,108.95291336279553,1072.0,124.657166,0.7622580422959844,0.79883852404336,0.861252039761566,319354.8387096774
2003-08-01,2003,8,67.18085422836552,661.0,200.00705,0.7918583899769706,0.8105334042760619,0.8690186527862787,300725.8064516129
2003-09-01,2003,9,80.79996839871497,795.0,259.76855,0.6582561864665573,0.7363188278063656,0.8534518931977664,308633.3333333333
2003-10-01,2003,10,115.55920008721877,1137.0,398.91913,0.6897916417948531,0.7636828184863904,0.8651525233959503,296229.8387096774
2003-11-01,2003,11,119.5229721218727,1176.0,291.58984,0.7419051619486529,0.783173584735559,0.8729065695700609,298533.3333333333
2003-12-01,2003,12,126.43416438742317,1244.0,188.3264,0.7724775680308323,0.8027297441329794,0.876896968089429,304540.32258064515
2004-01-01,2004,1,120.01552619729355,1171.0,135.86972,0.7807398268754662,0.8027301826492884,0.8689390652626335,334391.12903225806
2004-02-01,2004,2,78.91712653451413,770.0,129.11145,0.766268768051914,0.7793203674923015,0.8612458724511224,334857.7586206897
2004-03-01,2004,3,83.1192072980402,811.0,163.68083,0.750728024842131,0.7754040317740728,0.8612371380218679,342669.3548387097
2004-04-01,2004,4,75.63745374346938,738.0,310.35928,0.7626380687275258,0.7909754584590319,0.8690445365803536,327254.1666666667
2004-05-01,2004,5,111.8163442196817,1091.0,337.92136,0.7748386953325289,0.8105555454231421,0.8729928796399752,346229.8387096774
2004-06-01,2004,6,97.77524508302139,954.0,106.268936,0.7979148872444485,0.8163614230326413,0.8708847990539453,379407.6666666667
2004-07-01,2004,7,79.32708563339472,774.0,236.28262,0.7773667207779847,0.7988484573239015,0.8651427845116552,320314.51612903224
2004-08-01,2004,8,73.99761734794701,722.0,116.58682,0.7468089112096232,0.7676216474164337,0.8417734357488313,317887.0967741936
2004-09-01,2004,9,47.65774524486892,465.0,315.71472,0.7315832865630529,0.7910482186462592,0.8689999903908958,351520.8333333333
2004-10-01,2004,10,110.38148737359963,1077.0,334.48013,0.7459083169148195,0.7949183314519207,0.8848114019291504,351024.1935483871
2004-11-01,2004,11,137.02882880083817,1337.0,312.4027,0.647543022979766,0.7089767141734197,0.8495930905479722,388120.8333333333
2004-12-01,2004,12,136.31140037779713,1330.0,180.82893,0.7055664227977916,0.7714632618777262,0.8769183999577296,422786.29032258067
2005-01-01,2005,1,111.47846070867186,1100.0,193.6432,0.7122972135425094,0.7637189428058018,0.8729649855413866,417661.29032258067
2005-02-01,2005,2,103.67496845906483,1023.0,145.50291,0.6988200853896143,0.7792827489782703,0.8691475211007424,484334.8214285714
2005-03-01,2005,3,73.57578406772342,726.0,205.61363,0.7707803076372868,0.7987993202697152,0.8691369071339792,558592.7419354839
2005-04-01,2005,4,88.47336018060957,873.0,275.68005,0.7519821253479124,0.7871303877476247,0.8611815202213927,518929.1666666667
2005-05-01,2005,5,96.78357270616512,955.0,380.53043,0.7967238262874232,0.8144109959035939,0.8808781647740322,503161.29032258067
2005-06-01,2005,6,96.0741643198372,948.0,237.8318,0.7982943854810212,0.8222978395145008,0.8769404881005438,464250.0
2005-07-01,2005,7,74.79191272999985,738.0,145.02328,0.7664233351650422,0.7831966596403444,0.8573792976003878,414729.8387096774
2005-08-01,2005,8,65.46825965254729,646.0,164.85994,0.7442964198764488,0.7714864352453702,0.8534965983409332,410842.7419354839
2005-09-01,2005,9,68.50858130823833,676.0,231.67964,0.7340103138140468,0.7871548942922809,0.8769701441867803,383387.5
2005-10-01,2005,10,114.6201264195526,1131.0,420.40518,0.5643492756410644,0.6190879124768527,0.8300919654128319,430415.32258064515
2005-11-01,2005,11,125.36259626966098,1237.0,337.0166,0.7337737348718943,0.7930034902087417,0.87879668803799,450658.3333333333
2005-12-01,2005,12,108.032762832222,1066.0,226.1931,0.764194614996233,0.8026484265164082,0.8848777515821489,447875.0
2006-01-01,2006,1,112.40778477389809,1102.0,201.39131,0.7480154071436907,0.790982793222508,0.88084522577202,525205.6451612903
2006-02-01,2006,2,90.57904979965653,888.0,144.24965,0.7559536536542273,0.7949271446753894,0.869103212378095,476200.89285714284
2006-03-01,2006,3,72.72844876931882,713.0,299.58612,0.7208085882522908,0.7910294837466747,0.8769443416733802,445254.03225806454
2006-04-01,2006,4,79.40967372638808,778.5,320.33112,0.7023808715891554,0.7597536929284074,0.8534270562404149,467945.8333333333
2006-05-01,2006,5,110.877733257012,1087.0,316.24887,0.7796459589702484,0.8163736721305395,0.8787879220507195,457887.0967741936
2006-06-01,2006,6,119.75203205495131,1174.0,229.60892,0.7855157328000014,0.8065870507620396,0.8690546307082205,449379.1666666667
2006-07-01,2006,7,83.69381797366913,820.5,122.7445,0.7636437981967151,0.7871134617057243,0.8612687323214246,451754.03225806454
2006-08-01,2006,8,116.48792215226099,1142.0,171.50606,0.7625652841592959,0.7831969070757786,0.8651630310612594,461024.1935483871
2006-09-01,2006,9,82.92879221522608,813.0,239.09785,0.7624322112468064,0.7870943031516728,0.8573022910492925,441820.8333333333
2006-10-01,2006,10,104.45151688609042,1024.0,346.77588,0.6937719311116807,0.7695939445275595,0.8631583333129728,429120.96774193546
2006-11-01,2006,11,126.68826559816826,1242.0,345.43332,0.6679407444710247,0.7519842516980352,0.8769443179891216,475658.3333333333
2006-12-01,2006,12,131.99244419004003,1294.0,243.38525,0.7787102042328651,0.8086189270307266,0.8866041750277863,509866.93548387097
2007-01-01,2007,1,96.23997347150637,963.0,168.01529,0.7834854883180334,0.806634163129056,0.8729643871501453,477403.22580645164
2007-02-01,2007,2,100.03760482344536,1001.0,31.473475,0.7728823073926879,0.7870746047109476,0.8651575564620844,471285.71428571426
2007-03-01,2007,3,77.55162971328032,776.0,298.14944,0.653907222630622,0.6972529775979419,0.8417843822345696,440387.0967741936
2007-04-01,2007,4,76.8520660431863,769.0,376.39325,0.7067983181635347,0.7870991201457515,0.8690597760919506,424708.3333333333
2007-05-01,2007,5,99.33804115335134,994.0,377.66675,0.7038402692020603,0.78320622668573,0.8768248100130754,407157.2580645161
2007-06-01,2007,6,121.82401626351638,1219.0,102.22425,0.7967318273949896,0.8164386994888756,0.8708763748220016,425562.5
2007-07-01,2007,7,99.43797882050762,995.0,210.39418,0.7824258516554075,0.8026693817576999,0.8691025031653585,417870.96774193546
2007-08-01,2007,8,98.93829048472618,990.0,268.05844,0.7750967497528382,0.8027066461559996,0.8690168433956439,449963.70967741933
2007-09-01,2007,9,89.6440874391913,897.0,242.31055,0.781143897604729,0.8066187449380963,0.8729614864488396,483641.6666666667
2007-10-01,2007,10,112.82962621945036,1129.0,433.0382,0.6450842544906642,0.7460264649036802,0.8630733105651087,496407.2580645161
2007-11-01,2007,11,152.10512941187196,1522.0,279.8761,0.7791059642217676,0.80656744369135,0.8769491877237754,489550.0
2007-12-01,2007,12,136.215040334022,1363.0,266.37772,0.7196675300342816,0.7793118762401796,0.8768847465619319,505612.9032258064
2008-01-01,2008,1,135.80391616890483,1404.0,164.69899,0.7564535740308924,0.7792731614596469,0.8573850697998232,501520.1612903226
2008-02-01,2008,2,105.43181525933495,1090.0,231.48985,0.6997347379039035,0.7715392307767713,0.8690725636377488,544293.1034482758
2008-03-01,2008,3,84.34545220746796,872.0,300.70718,0.6891966718079052,0.7696385211659446,0.8552375681481342,494048.3870967742
2008-04-01,2008,4,85.6996223117163,886.0,285.77774,0.7224426132816136,0.7754066988713764,0.8612270898071659,439908.3333333333
2008-05-01,2008,5,79.31567753454556,820.0,400.34576,0.7232919107968283,0.794955278636082,0.8729836248267725,435076.6129032258
2008-06-01,2008,6,101.17585207455446,1046.0,274.7206,0.736308638716866,0.7871614047252641,0.8690566934457125,455125.0
2008-07-01,2008,7,86.183254491805,891.0,268.31046,0.798608050856508,0.8183342873860682,0.8768794562931512,463806.4516129032
2008-08-01,2008,8,69.15940175268302,715.0,360.3475,0.7252420128379923,0.7696332739825088,0.8631078673521633,499935.48387096776
2008-09-01,2008,9,75.1564407857828,777.0,238.30014,0.6913645222450292,0.7363534658117826,0.8573973306880991,542379.1666666666
2008-10-01,2008,10,90.82612342065644,939.0,336.6462,0.7215535818260274,0.7754168397193949,0.8729225453192094,515869.3548387097
2008-11-01,2008,11,90.24576480455,933.0,441.83902,0.4999478233887597,0.5430040485565563,0.8007647578240756,523920.8333333333
2008-12-01,2008,12,106.88271179960103,1105.0,185.08188,0.738377521237567,0.7949321894832038,0.880874994403057,509229.8387096774
2009-01-01,2009,1,82.77490389717057,876.0,242.05327,0.7036486010588703,0.7676485663792969,0.8691489227598777,570741.9354838709
2009-02-01,2009,2,82.01896870176263,868.0,216.68456,0.6861508474505477,0.7479967028641158,0.8612531002759178,638629.4642857143
2009-03-01,2009,3,72.28630306088527,765.0,281.9542,0.6982618925535192,0.7831779932344252,0.8768865688757227,660395.1612903225
2009-04-01,2009,4,32.599705301967866,345.0,259.51044,0.6980245297076969,0.7793347252256103,0.8690548073627008,765395.8333333334
2009-05-01,2009,5,66.33331339704766,702.0,275.0379,0.7937032474262786,0.8144824137183853,0.8768565979488423,835197.5806451613
2009-06-01,2009,6,64.72695110680576,685.0,252.26685,0.7417601673479653,0.794963090533764,0.8808585161827703,666450.0
2009-07-01,2009,7,54.9942854659284,582.0,98.32602,0.7944237524341912,0.8104871014538857,0.8729796159829698,642282.2580645161
2009-08-01,2009,8,37.513284072119546,397.0,215.95757,0.7836676447277262,0.79490809840937,0.8651665418113681,672516.1290322581
2009-09-01,2009,9,44.12771703193911,467.0,135.1718,0.7625167781888617,0.7852379227990232,0.8710488098937288,613787.5
2009-10-01,2009,10,51.403593287740634,544.0,301.2669,0.671815225750143,0.7363039766809623,0.8417167950261936,565701.6129032258
2009-11-01,2009,11,71.8138435637553,760.0,279.63312,0.7584119406352728,0.8066095038985952,0.8925517136541065,591575.0
2009-12-01,2009,12,77.57784942874092,821.0,151.96153,0.7738021106170425,0.7949396345945778,0.872949431110916,673116.9354838709
2010-01-01,2010,1,46.13664679957565,515.0,83.393036,0.7737073817457306,0.7910337135189485,0.8651456370903516,716729.8387096775
2010-02-01,2010,2,58.05154781771849,648.0,142.3061,0.7421121793769325,0.7715170960489188,0.8690611509372488,678531.25
2010-03-01,2010,3,56.34941910084094,629.0,220.42064,0.7189610643469101,0.7519382506376093,0.8574096574034216,688281.4516129033
2010-04-01,2010,4,57.961962095777565,647.0,287.76434,0.7604153888480761,0.7910341760837253,0.8611695838594953,660179.1666666666
2010-05-01,2010,5,73.6394634354392,822.0,307.50354,0.798434620017339,0.818398310470085,0.8808983737470811,676951.6129032258
2010-06-01,2010,6,69.87686311392041,780.0,261.5205,0.7215383154055371,0.8027168652169406,0.892586510876709,750262.5
2010-07-01,2010,7,70.50396316750687,787.0,352.96024,0.7503164550871129,0.8066371726864744,0.8847464598178505,810629.0322580645
2010-08-01,2010,8,55.09521899366801,615.0,228.64215,0.7618973524910143,0.7988345103571525,0.8809114987361005,834798.3870967742
2010-09-01,2010,9,47.480432628689506,530.0,354.5726,0.7458152093898681,0.7949222106645305,0.8690371540719157,801608.3333333334
2010-10-01,2010,10,72.29567760632534,807.0,350.1251,0.4468752924707825,0.4256956754195627,0.8083937770678515,751221.7741935484
2010-11-01,2010,11,87.7044217801642,979.0,485.25912,0.6025096582460708,0.675780952190655,0.8554005509183356,790295.8333333334
2010-12-01,2010,12,104.27778033923506,1164.0,343.63425,0.6897085599728457,0.7539512441034927,0.8788805348718444,896588.7096774194
2011-01-01,2011,1,79.3829641934293,908.0,137.77293,0.7267184296118023,0.7753559982845165,0.865160519452358,948322.5806451613
2011-02-01,2011,2,66.79359542266518,764.0,275.43738,0.745332409924877,0.7792991265548133,0.8573926988798946,1024314.2857142857
2011-03-01,2011,3,68.1049880029531,779.0,331.10858,0.7039864832038217,0.7597726432512599,0.8612603733837664,1079008.064516129
2011-04-01,2011,4,45.72388796603912,523.0,456.66638,0.7068130828520196,0.7676493823964137,0.8496241736936126,1070911.5
2011-05-01,2011,5,58.837813768918416,673.0,270.27307,0.6953989759811462,0.7793529031749205,0.8729659488262441,1021802.9032258064
2011-06-01,2011,6,41.17772702104097,471.0,219.61221,0.7914257076171103,0.8144736446921544,0.8729548903496152,965116.6666666666
2011-07-01,2011,7,46.33587117017349,530.0,219.26964,0.7647910080598533,0.7831892549418712,0.8729786367780009,931451.6129032258
2011-08-01,2011,8,40.740596160944996,466.0,204.58646,0.7584546820536361,0.7870805828971056,0.8651140676237458,963077.4193548387
2011-09-01,2011,9,40.12861295681063,459.0,218.30682,0.739759875953059,0.7793043614916502,0.8729308917760275,975683.3333333334
2011-10-01,2011,10,57.351568844592094,656.0,393.72995,0.6354043099778988,0.7383238134351165,0.8555197343632218,909088.7096774194
2011-11-01,2011,11,73.87511535622001,845.0,409.6236,0.6737997390475065,0.7539280690895386,0.8709938401616425,925595.0
2011-12-01,2011,12,64.25823643410853,735.0,332.6321,0.720101884400867,0.7774392140608835,0.8787299679328697,897911.2903225806
2012-01-01,2012,1,45.15126341784559,535.0,242.1999,0.7105233302100323,0.7714735701533781,0.8729905978581355,874862.9032258064
2012-02-01,2012,2,48.18947927399969,571.0,139.81885,0.7660608269819977,0.787120781343748,0.861231961001287,826219.8275862068
2012-03-01,2012,3,48.61145369846554,576.0,256.06857,0.741327378243856,0.7910174495514957,0.869082333737725,727564.5161290322
2012-04-01,2012,4,48.94903323803821,580.0,391.02155,0.6960933694177311,0.7558869527726073,0.8534413847744744,703033.3333333334
2012-05-01,2012,5,58.14807569139367,689.0,280.98782,0.7512732320263167,0.7949194380162591,0.8612533699684238,670334.6774193548
2012-06-01,2012,6,60.25794781372291,714.0,143.41666,0.7984097355106565,0.8184149935634235,0.8769126614752648,592504.1666666666
2012-07-01,2012,7,56.375783108637116,668.0,113.632454,0.7696934252641564,0.7929606203784217,0.8632618827548852,648096.7741935484
2012-08-01,2012,8,47.68310996464067,565.0,188.41913,0.7405215674857927,0.7636649899951993,0.8535048697314955,611620.9677419355
2012-09-01,2012,9,43.80094525955489,519.0,130.83183,0.7487648614569642,0.7714999310580257,0.8652150025073956,623425.0
2012-10-01,2012,10,55.109859835239575,653.0,350.45218,0.7851648393776948,0.8105199983049315,0.8847568780598769,589463.7096774194
2012-11-01,2012,11,64.98406136774038,770.0,268.76562,0.6548513265418701,0.7636726921789195,0.8730042159890661,538683.3333333334
2012-12-01,2012,12,76.29297594342508,904.0,176.02638,0.7881890553929902,0.8145084383899225,0.876865213319746,521262.0967741936
2013-01-01,2013,1,69.83454530076715,877.0,86.76403,0.7901440461904442,0.8027104566534179,0.8690815696118259,527979.8387096775
2013-02-01,2013,2,49.768062500546705,625.0,264.31677,0.7091641016992564,0.7715039430881406,0.8574343503824515,504406.25
2013-03-01,2013,3,49.13103130053971,617.0,245.21565,0.6945451669088035,0.7559173916556698,0.8574075562684829,512520.1612903226
2013-04-01,2013,4,77.24003300084848,970.0,256.1024,0.714335136967317,0.7792609709336912,0.8690907707731698,515554.1666666667
2013-05-01,2013,5,74.61227930081962,937.0,398.13092,0.7864561469228658,0.8223448267096158,0.8847377094046838,511000.0
2013-06-01,2013,6,72.70118570079863,913.0,185.43138,0.797812623885769,0.8223303939078233,0.884705074181557,476450.0
2013-07-01,2013,7,82.09739590090184,1031.0,83.86624,0.7828204550921152,0.806576707387806,0.8769236785888676,467209.67741935485
2013-08-01,2013,8,61.314253000673546,770.0,235.89636,0.7410825240775457,0.7870872334355381,0.876872729659355,452133.06451612903
2013-09-01,2013,9,68.48085400075227,860.0,269.12637,0.7866986453217023,0.802701750470315,0.8651684008811661,435562.5
2013-10-01,2013,10,84.24737620092547,1058.0,302.71942,0.754181573356769,0.8007877506514899,0.870952966666019,407205.6451612903
2013-11-01,2013,11,88.62696570097359,1113.0,304.00723,0.6874339628094692,0.7637789920285644,0.8809101067029599,384812.5
2013-12-01,2013,12,88.78622350097532,1115.0,229.66594,0.8089893682991226,0.8184106573522912,0.8886977762718375,401649.1935483871
2014-01-01,2014,1,79.43639483496787,1011.0,171.83371,0.7136983783615974,0.7754195011042124,0.8768768780878133,429661.29032258067
2014-02-01,2014,2,68.67201689986342,874.0,225.04637,0.6274882447470735,0.7246106870175492,0.8690272520788059,602312.5
2014-03-01,2014,3,65.05770022092324,828.0,207.3042,0.7724055639902127,0.8026898778066552,0.8808732291353565,758745.9677419355
2014-04-01,2014,4,65.3719886277876,832.0,241.91988,0.7524407685528268,0.7948701248499623,0.8729112446821992,796837.5
2014-05-01,2014,5,82.50070680189542,1050.0,307.30075,0.8030845413294752,0.824269780972492,0.8787920837794589,743899.1935483871
2014-06-01,2014,6,74.17206401998979,944.0,134.70978,0.7970299128758147,0.8105092859368891,0.8690443344133496,664916.6666666666
2014-07-01,2014,7,97.11511772108832,1236.0,52.84032,0.7401316411461202,0.7715176176703594,0.8535010350910945,644649.1935483871
2014-08-01,2014,8,90.43648907522059,1151.0,142.85512,0.7564615400811893,0.7831854895943661,0.8651279509528353,715620.9677419355
2014-09-01,2014,9,71.65775676507488,912.0,247.73817,0.7145222592951986,0.7696346856117006,0.8709307859400918,715708.3333333334
2014-10-01,2014,10,86.50788398941604,1101.0,344.13034,0.5903699875330258,0.6446495655314777,0.8552872740984454,805931.4516129033
2014-11-01,2014,11,87.60789341344132,1115.0,249.783,0.7571177761137723,0.8104879224122533,0.9003539611127744,771579.1666666666
2014-12-01,2014,12,85.3293024636747,1086.0,185.33125,0.8197023863189783,0.8300986634466974,0.8847664003828152,781745.9677419355
2015-01-01,2015,1,83.67757267226371,1088.0,163.56314,0.7993344395161781,0.8104928865368988,0.8690601738600205,768548.3870967742
2015-02-01,2015,2,79.13991018360235,1029.0,152.09175,0.7369037829157776,0.7714865582660475,0.8612826186339722,724982.1428571428
2015-03-01,2015,3,61.52762696489978,800.0,210.27696,0.7385528900583486,0.7793069798046534,0.8809254297283025,684923.3870967742
2015-04-01,2015,4,71.06440914445925,924.0,268.74768,0.7903805221334852,0.8105188776938321,0.8729561059540338,687370.8333333334
2015-05-01,2015,5,89.59960676763531,1165.0,201.4093,0.7522554422670285,0.8066322887936258,0.8808646369183629,631318.5483870967
2015-06-01,2015,6,95.36782179559466,1240.0,91.344025,0.8021905115331747,0.8184065617946442,0.8769045881522028,671900.0
2015-07-01,2015,7,112.51864781206048,1463.0,134.54955,0.7474486111742681,0.7792692322350646,0.8651629355184556,678778.2258064516
2015-08-01,2015,8,97.21365060454166,1264.0,110.50544,0.7409548483637547,0.7754784546326844,0.8729611255739522,772657.2580645161
2015-09-01,2015,9,81.37028666107996,1058.0,160.20634,0.728913937755938,0.7519135787032611,0.8690710825921067,718670.8333333334
2015-10-01,2015,10,105.21224210997863,1368.0,249.21764,0.6161779016716182,0.6992935561076458,0.8320329550574701,733637.0967741936
2015-11-01,2015,11,101.6744035594969,1322.0,242.09456,0.7660270498084092,0.7988102754699223,0.8769670163868643,735033.3333333334
2015-12-01,2015,12,111.82646200870536,1454.0,82.86896,0.8176974083053499,0.8301375424576711,0.8886137228941817,789258.0645161291
2016-01-01,2016,1,86.3066286969612,1136.0,67.32574,0.7637326059906605,0.7832167027198678,0.8612582685282835,787528.2258064516
2016-02-01,2016,2,83.26766289777242,1096.0,123.44891,0.6989398128063726,0.7363039618834472,0.8496463501045524,791775.8620689656
2016-03-01,2016,3,71.71959286085509,944.0,178.31668,0.7188695313878561,0.7714597027926359,0.8768788378469854,799129.0322580645
2016-04-01,2016,4,79.2410332138473,1043.0,267.59714,0.696233327263683,0.7637029592068031,0.8612501284519573,756366.6666666666
2016-05-01,2016,5,88.35793061141362,1163.0,245.64189,0.792832818201887,0.8223411517590117,0.8768652457225644,755322.5806451613
2016-06-01,2016,6,87.97805988651503,1158.0,105.587234,0.8025852371182758,0.8223046333387334,0.8768927427230898,794433.3333333334
2016-07-01,2016,7,83.72350776765074,1102.0,174.41048,0.7517624361719142,0.802708427413305,0.8769199865713208,835516.1290322581
2016-08-01,2016,8,90.33325838088633,1189.0,158.39444,0.7625305846245526,0.775400726512105,0.8574700964443562,794032.2580645161
2016-09-01,2016,9,78.55726590902982,1034.0,277.77167,0.7608998002885669,0.7949344391868367,0.8729772011992477,860866.6666666666
2016-10-01,2016,10,105.98393224670852,1395.0,335.6767,0.6678837921268328,0.7754071766692178,0.8847873390117574,914612.9032258064
2016-11-01,2016,11,125.58526165147612,1653.0,322.75113,0.7398427320664884,0.8007776692026604,0.8708916211451969,1007533.3333333334
2016-12-01,2016,12,100.20989722824984,1319.0,279.08746,0.7481568485395588,0.7988211435266434,0.8886967972306163,860806.4516129033
2017-01-01,2017,1,97.27844506780146,1275.0,175.7029,0.7648435733027228,0.8105009738111412,0.8886377225952176,883225.8064516129
2017-02-01,2017,2,98.65178782169984,1293.0,102.0928,0.8019293410806776,0.8144662463374567,0.8848103369310194,859285.7142857143
2017-03-01,2017,3,77.82275605424117,1020.0,384.26236,0.7191181583257148,0.7910471431410238,0.8887144481065851,850064.5161290322
2017-04-01,2017,4,63.63154759729131,834.0,258.67584,0.7002211186445607,0.7597968485193104,0.8652081294134666,804900.0
2017-05-01,2017,5,68.7434345145797,901.0,398.0128,0.8034871031850199,0.8340239077580476,0.8964988869432324,802516.1290322581
2017-06-01,2017,6,80.03536382441077,1049.0,260.63443,0.778366220066511,0.8301048851460247,0.8925368520235717,783400.0
2017-07-01,2017,7,104.75553339458149,1373.0,88.664734,0.7845827350404004,0.8085845806651365,0.8867044085589844,849322.5806451613
2017-08-01,2017,8,98.72808464136085,1294.0,228.58954,0.8074945283800727,0.8300907004046029,0.8886957163642212,851903.2258064516
2017-09-01,2017,9,93.69249454373349,1228.0,302.56946,0.7479400315386779,0.8105226256868685,0.884732672261419,813762.5
2017-10-01,2017,10,81.86648749627527,1073.0,330.58176,0.657082606779454,0.7285408213840319,0.8534569037629237,776919.3548387097
2017-11-01,2017,11,99.49105283797107,1304.0,343.1368,0.6851303931061828,0.7714565677609535,0.8769290441114498,784504.1666666666
2017-12-01,2017,12,118.26007047458216,1550.0,208.46393,0.7999007496487301,0.822270671716491,0.8925911233256951,757967.7419354839
2018-01-01,2018,1,85.12653745318698,1131.0,229.16089,0.7834631354202319,0.806614099071756,0.8847823733980693,763903.2258064516
2018-02-01,2018,2,91.223132973707,1212.0,138.18019,0.7345916691636839,0.7832503096474316,0.8768783479459397,745031.25
2018-03-01,2018,3,78.05147598492917,1037.0,230.53708,0.767590495727896,0.7831776398786443,0.8612340132529434,729854.8387096775
2018-04-01,2018,4,65.78301833252469,874.0,326.02145,0.7731138189804126,0.8105061669533716,0.8728971190381293,715325.0
2018-05-01,2018,5,89.41673430096033,1188.0,428.80377,0.784679049128964,0.8300821427458293,0.9003506742014903,754209.6774193548
2018-06-01,2018,6,81.81480655315141,1087.0,152.92406,0.7791713091247106,0.8184166232794423,0.8925113463191615,746400.0
2018-07-01,2018,7,79.1052085440314,1051.0,134.4202,0.7993723277296825,0.8105392508234879,0.8808328511521981,717838.7096774194
2018-08-01,2018,8,94.68539709647146,1258.0,154.68472,0.7662030210913694,0.7930145483509774,0.8708484566561208,705064.5161290322
2018-09-01,2018,9,79.02994193266696,1050.0,280.77444,0.7887219981629752,0.8027434930073448,0.876846620629932,686933.3333333334
2018-10-01,2018,10,81.73953994178697,1086.0,365.36606,0.6043437554385659,0.6776472188660017,0.869064541664488,796774.1935483871
2018-11-01,2018,11,97.84659477377814,1300.0,342.95068,0.7094371354101698,0.7871539612024673,0.8926207821805358,804283.3333333334
2018-12-01,2018,12,96.56706238058258,1283.0,114.22836,0.8266035477299383,0.8340239221811342,0.8886412296652062,727645.1612903225
2019-01-01,2019,1,95.71797392682464,1296.0,122.464516,0.8055232352274987,0.8144424393235454,0.8769605809169949,727274.1935483871
2019-02-01,2019,2,81.68524626779943,1106.0,216.5995,0.7413942468919031,0.7870875283718941,0.8769056249923908,708089.2857142857
2019-03-01,2019,3,67.50480568604762,914.0,266.0628,0.6798833009081663,0.7637237163765241,0.8651774107317005,690580.6451612903
2019-04-01,2019,4,76.14601166555262,1031.0,302.24994,0.7395991690751805,0.7909922280811331,0.8925367311550486,680566.6666666666
2019-05-01,2019,5,82.34995442006904,1115.0,322.3614,0.7559719172222614,0.8223437464824892,0.8886813780825893,724064.5161290322
2019-06-01,2019,6,89.44017471094494,1211.0,154.82262,0.8159698127283954,0.8223682743165468,0.8808346623503035,779916.6666666666
2019-07-01,2019,7,97.26895961545374,1317.0,151.76431,0.7798387743012064,0.8085226352584353,0.8709124656500515,796483.8709677419
2019-08-01,2019,8,82.6453802655222,1119.0,49.399075,0.7697805147459182,0.7871296894873345,0.8729347604199773,798935.4838709678
2019-09-01,2019,9,80.35582996326019,1088.0,252.74345,0.6751492149009048,0.7363306182490679,0.8612589266207942,815450.0
2019-10-01,2019,10,101.10949560634485,1369.0,344.7,0.6364626040512315,0.7382789123286351,0.8709463863815076,819580.6451612903
2019-11-01,2019,11,111.22783081311567,1506.0,276.105,0.76164918802711,0.8104993881997722,0.8925654997564818,909600.0
2019-12-01,2019,12,124.07885509032823,1680.0,201.27083,0.7482198415678061,0.8066119192745893,0.888722842578008,999129.0322580645
2020-01-01,2020,1,75.59977357868205,1050.0,84.080025,0.7973829379096974,0.8144644983024536,0.8729725542033224,886161.2903225806
2020-02-01,2020,2,72.07178414501021,1001.0,117.53257,0.7737227961839197,0.7909910629832356,0.865159244405057,909103.448275862
2020-03-01,2020,3,58.031826194683546,806.0,162.64682,0.7649730997786018,0.7987541873888963,0.8964828016393865,1143193.5483870967
2020-04-01,2020,4,53.56783956432327,744.0,209.96977,0.7086934252769919,0.7676516212255394,0.8769013031975718,1175566.6666666667
2020-05-01,2020,5,85.39174425173039,1186.0,176.46362,0.7820817636908689,0.8223366405105248,0.8925163178432077,1068870.9677419355
2020-06-01,2020,6,98.06370629920471,1362.0,208.83556,0.7857320537074193,0.8262038246730022,0.8925821160147627,962800.0
2020-07-01,2020,7,94.31971751245092,1310.0,285.49106,0.8027857060940135,0.8242729914140187,0.8943730053885279,1001451.6129032258
2020-08-01,2020,8,78.55176473746867,1091.0,231.16087,0.7566250430698006,0.7988354799683909,0.8808588719439696,1143967.7419354839
2020-09-01,2020,9,71.63978543884632,995.0,268.34183,0.7713886413490523,0.8026957722423873,0.8887291414561634,1142233.3333333333
2020-10-01,2020,10,83.44775007399285,1159.0,263.70172,0.7277730377480653,0.7910018985244595,0.8847172872776532,1052483.8709677418
2020-11-01,2020,11,103.89568883241732,1443.0,317.47064,0.7199928685424788,0.7929776379317897,0.8708910248918011,1044700.0
2020-12-01,2020,12,125.4956241406122,1743.0,225.929,0.7209885051283483,0.7910311637656074,0.8925355076344283,1047677.4193548387
2021-01-01,2021,1,76.27982494044662,1081.0,162.4981,0.7912993556417455,0.8144649313795863,0.8848230345979257,1073193.5483870967
2021-02-01,2021,2,78.1144923303186,1107.0,185.75429,0.7311332422392526,0.7832309182068479,0.8769082894155231,1113535.7142857143
2021-03-01,2021,3,74.09233689867618,1050.0,312.8993,0.7017730747886032,0.7676397107146659,0.876875460736542,1156032.2580645161
2021-04-01,2021,4,57.1569456075502,810.0,299.50137,0.7341210217236452,0.7832228674698863,0.8769719384670231,1207433.3333333333
2021-05-01,2021,5,43.467504313890025,616.0,278.12997,0.7280810700393566,0.7949319725678275,0.8848642422609483,1385935.4838709678
2021-06-01,2021,6,74.23346515943557,1052.0,285.28644,0.7565583353372154,0.8163975373683046,0.8867076737254559,1420800.0
2021-07-01,2021,7,85.31203362904715,1209.0,156.10197,0.7850319672934318,0.8262364175679746,0.8926160916312523,1562741.935483871
2021-08-01,2021,8,64.56617929741782,915.0,313.62747,0.7582396403024982,0.7909846080165227,0.8808955109554233,1704806.4516129033
2021-09-01,2021,9,85.31203362904715,1209.0,225.49686,0.7797736351686181,0.8026922129778524,0.8807943458241955,1712138.0
2021-10-01,2021,10,71.4108999442479,1012.0,331.90933,0.6172416333581247,0.7148641587703893,0.8553441146948111,1784935.4838709678
2021-11-01,2021,11,79.8080314594312,1131.0,316.77618,0.7216876283698117,0.7831986801597001,0.8847333934644832,1999655.1724137932
2021-12-01,2021,12,97.73132057587287,1385.0,179.08272,0.6987044189493908,0.7831323872603574,0.8925821897000614,2116483.870967742
2022-01-01,2022,1,60.853020050295655,868.0,183.37885,0.7276319175862015,0.7910086005649323,0.8690588297110083,2148333.3333333335
2022-02-01,2022,2,65.05945000768936,928.0,237.00356,0.7051702292883173,0.7714668141201283,0.8769146980704035,2213333.3333333335
2022-03-01,2022,3,64.0779496842975,914.0,417.87402,0.7310283413457763,0.7832180519568566,0.884731093285169,1988774.1935483871
2022-04-01,2022,4,52.580374467421365,750.0,373.91818,0.7356171431321294,0.8144577430887943,0.9004042536468013,2027448.2758620689
2022-05-01,2022,5,71.29898777782337,1017.0,260.4959,0.6685388290051255,0.7401713091426516,0.8808715944682103,2096733.33333333
2022-06-01,2022,6,66.67191482469029,951.0,321.57263,0.7018171494574441,0.7832132143158631,0.892591295650188,2172233.3333333335
2022-07-01,2022,7,66.15306712626285,943.5992201888619,239.75543,0.7723330859899636,0.8184267707488193,0.8886159032721409,2250290.3225806453
2022-08-01,2022,8,66.53170049277716,949.0,234.15268,0.7427415297353853,0.798833771536334,0.8925934499181402,2315548.0
2022-09-01,2022,9,58.46937640777255,834.0,294.3167,0.7078837851532522,0.7832118273099941,0.8886021220885941,2398966.6666666665
2022-10-01,2022,10,62.25516336942689,888.0,637.93915,0.4457501451668741,0.4100386843678235,0.8397623814859241,2277290.0
2022-11-01,2022,11,74.31359591395552,1060.0,354.70822,0.7313151139965521,0.7910784873447256,0.8887365532029236,1990067.0
2022-12-01,2022,12,68.77512980338714,981.0,152.01431,0.7293765118494151,0.7773293788200588,0.8710391203618607,1933032.0
2023-01-01,2023,1,60.043595568630366,868.0,243.70009,0.780757323927265,0.8066063925589917,0.8808875564653235,1838032.0
2023-02-01,2023,2,70.90401550443102,1025.0,139.25366,0.7585907122105775,0.7909702244727854,0.8847962071691919,2075285.7142857143
2023-03-01,2023,3,55.27054476881989,799.0,347.68243,0.7928425184466871,0.8301286728561497,0.8926262899328389,1993129.0322580645
2023-04-01,2023,4,39.143665592788835,565.867207197894,278.99994,0.7891775157594798,0.8301573402148785,0.8847679626259637,1978900.0
2023-05-01,2023,5,55.768291354246934,806.195505733111,295.59305,0.7795062569324781,0.8222919530236285,0.8847285214909513,1895967.7419354839
2023-06-01,2023,6,66.13096470462054,956.0,164.14215,0.807146290579579,0.8243147201597958,0.878721002152292,1577900.0
2023-07-01,2023,7,65.508392861167,947.0,138.65425,0.7985004525157905,0.8105018417066692,0.8690572800079657,1318774.1935483871
2023-08-01,2023,8,60.32029416572083,872.0,185.00809,0.7903931611120941,0.8027136625966897,0.8690592905081089,1319096.7741935484
2023-09-01,2023,9,58.72927723245067,849.0,138.24515,0.7798124410643078,0.7987966659731599,0.8691207829763458,1285967.0
2023-10-01,2023,10,80.06678393289526,1157.4584732241142,328.48163,0.703542876955518,0.7832136433277693,0.8729180760093207,1379065.0
2023-11-01,2023,11,88.68927692225134,1282.1066366773907,259.24637,0.7971229497182319,0.818374628923234,0.8964819947415401,1406448.2758620689
2023-12-01,2023,12,84.39307211259107,1220.0,183.11816,0.7916154134369201,0.8183777864810797,0.8847909037185723,1468258.064516129
2024-01-01,2024,1,65.98523550021785,959.0,34.932186,0.8150969166919572,0.8222948012633574,0.8809301482234533,1423000.0
2024-02-01,2024,2,66.12284808728818,961.0,142.52235,0.7742668279394318,0.7870401261249889,0.8535185005183531,1456862.0
2024-03-01,2024,3,59.55408761475811,865.5325633014444,124.8985,0.7390791292978517,0.7753966094520057,0.8651123603893602,1440129.0322580645
2024-04-01,2024,4,51.05426980308827,742.0,283.0459,0.759300691664977,0.7871422155863641,0.8808562009720745,1661933.3333333333
2024-05-01,2024,5,77.06304875937852,1120.0,343.12506,0.8274564857175938,0.8495866179434655,0.8964509854083615,1596129.0322580645
2024-06-01,2024,6,80.6409760232068,1172.0,323.2316,0.8050135659963615,0.8340320003082365,0.8925201976224957,1817033.3333333333
2024-07-01,2024,7,79.73849560040597,1158.8837518134924,148.91989,0.8044490162805912,0.8184123798900677,0.8769033678325474,1876387.0
2024-08-01,2024,8,72.1778019183822,1049.0,167.14915,0.8104092025082736,0.8183716276700871,0.8769169474409882,1943323.0
2024-09-01,2024,9,73.70760034885005,1071.2334084844454,173.78308,0.7940576185923569,0.8105535914840802,0.8768653609282334,2120233.3333333335
2024-10-01,2024,10,92.14229257341184,1339.1550080564646,292.6436,0.745200832946603,0.7792858648195183,0.8730223661169049,2173290.0
2024-11-01,2024,11,121.19606062198415,1761.409522227121,299.15182,0.5916236974299741,0.6993348556077899,0.855314930938675,2456566.6666666665
2024-12-01,2024,12,123.7295791706929,1798.2305515042488,249.14894,0.7799516281354167,0.8066062035745117,0.8808564471349849,2764870.9677419355
2025-01-01,2025,1,94.24796646782349,1355.76715345375,129.97273,0.8051851694556129,0.8184469924781944,0.8807938163896102,2751258.06451613
2025-02-01,2025,2,94.63904151025787,1361.3928100799765,390.0967,0.6198413191062885,0.7012036401124803,0.8418586625561394,3118571.4285714286
2025-03-01,2025,3,73.9611001898316,1063.9383960067662,301.70996,0.745307337523037,0.7793194440800991,0.8573655230080826,3054451.6129032257
2025-04-01,2025,4,48.85724535588914,702.8167391214691,383.29202,0.7731140605333131,0.8027277043152959,0.8925829118006414,3044433.3333333335
2025-05-01,2025,5,56.90894410323113,818.6412932234168,302.97607,0.8154712504831197,0.8339807556534251,0.8925945252763268,3012759.0
2025-06-01,2025,6,63.19750996468376,909.1029907731332,268.7821,0.8145276356919166,0.8262444807786898,0.884788390236517,2700567.0
2025-07-01,2025,7,95.47067629468576,1373.3559660678761,78.247375,0.7988475036296915,0.8144347972363147,0.880887924944764,2369903.2258064514
2025-08-01,2025,8,86.39085441237664,1242.74174988266,282.79947,0.8081892858388597,0.8261756961916379,0.884751171203335,2758032.2580645164
2025-09-01,2025,9,79.41633769739454,1142.412575389382,223.83325,0.7722764267479755,0.7832691657618395,0.8886988745430493,2966133.3333333335
2025-10-01,2025,10,83.98174840765064,1208.086500408277,338.93958,0.6628001831532625,0.7284773430775442,0.8534112982950445,2954935.4838709678
2025-11-01,2025,11,88.01252373959612,1266.0696378998325,288.76947,0.7816469420847262,0.810450202998194,0.8886431636194241,2889633.33333333
2025-12-01,2025,12,85.74306083685698,1233.4231694949574,159.30661,0.7816469420847262,0.810450202998194,0.8886431636194241,2745225.806451613
